date	where	score	winner	loser
20090925	A	7-0	Lafayette	Wagner
20090926	A	7-0	Fordham	Wagner
20091006	H	6-1	La Salle	St. Thomas Aquinas
20091008	H	6-1	La Salle	Sciences (Philadelphia)
20091010	A	4-3	La Salle	Fordham
20091010	H	7-0	Mount St. Mary's (MD)	Wagner
20091011	A	7-0	Rider	Wagner
20091012	H	7-0	La Salle	Wagner
20100114	H	6-1	Tulsa	Oral Roberts
20100114	H	7-0	Tulsa	Arkansas Pine Bluff
20100114	H	7-0	Washington	Gonzaga
20100115	H	4-3	Tulsa	SMU
20100115	H	7-0	BYU	Utah State
20100115	H	7-0	BYU	Weber State
20100115	H	6-1	Gonzaga	Seattle
20100116	H	7-0	DePaul	Chicago
20100116	H	6-1	DePaul	Illinois - Chicago
20100116	A	6-1	Nebraska	Creighton
20100116	H	7-0	Nebraska	Illinois State
20100116	H	6-1	Hawaii	St. Mary's (CA)
20100116	N	5-1	UC Davis	UC Santa Cruz
20100116	N	7-0	California	SMU
20100116	H	6-1	South Carolina	Wofford
20100116	H	7-0	Vanderbilt	Belmont
20100116	H	7-0	Vanderbilt	Chattanooga
20100116	H	4-0	Santa Clara	UC Davis
20100116	H	4-0	Santa Clara	UC Santa Cruz
20100117	H	7-0	Northwestern	Ball State
20100117	H	7-0	Northwestern	Illinois - Chicago
20100117	H	5-2	Hawaii	Nevada
20100117	N	6-1	UC Santa Barbara	St. Mary's (CA)
20100117	A	6-1	California	Tulsa
20100117	A	4-3	Washington	Arkansas
20100118	H	5-2	Hawaii	UC Santa Barbara
20100119	H	6-1	South Florida	Florida Gulf Coast
20100120	H	7-0	Ohio State	Butler
20100120	H	7-0	Ohio State	Xavier
20100120	N	4-3	Oregon	Weber State
20100121	H	6-1	Northern Arizona	Sacramento State
20100121	N	5-2	UC Irvine	Seattle
20100121	H	7-0	Washington	Portland
20100122	H	5-2	Tulsa	Memphis
20100122	H	4-3	Notre Dame	William & Mary
20100122	H	7-0	Baylor	Louisiana
20100122	A	6-1	Texas	Arkansas
20100122	A	5-1	Texas Tech	UNLV
20100122	H	6-1	DePaul	Northern Illinois
20100122	H	7-0	Nebraska	Radford
20100122	H	4-3	Northwestern	Alabama
20100122	N	4-3	UC Irvine	Portland
20100122	H	7-0	Florida	Central Florida
20100122	A	6-1	Vanderbilt	N.C. State
20100122	N	5-1	East Carolina	Norfolk State
20100122	A	4-3	East Carolina	Old Dominion
20100123	H	4-1	VCU	Georgetown
20100123	H	5-0	VCU	James Madison
20100123	H	4-3	Tulsa	South Florida
20100123	H	7-0	Tulane	Centenary (LA)
20100123	H	6-1	Oklahoma	Oklahoma Baptist
20100123	A	5-2	Oklahoma State	Memphis
20100123	N	4-3	Texas Tech	San Diego State
20100123	H	7-0	Northern Arizona	Montana State
20100123	N	4-3	Michigan	Vanderbilt
20100123	H	6-1	Michigan State	Wright State
20100123	H	6-1	UNC Wilmington	Coastal Carolina
20100123	H	7-0	Rice	Lamar
20100123	H	7-0	Rice	Prairie View A&M
20100123	H	6-1	Brown	Boston University
20100123	H	5-2	Dartmouth	Sacred Heart
20100123	H	6-1	Dartmouth	Temple
20100123	H	6-1	Penn	Bucknell
20100123	H	6-1	Penn	Drexel
20100123	H	4-0	Fresno State	Idaho
20100123	H	4-3	Fresno State	Nevada
20100123	H	7-0	New Mexico	A&M-Corpus Christi
20100123	H	7-0	Stanford	Sacramento State
20100123	H	7-0	USC	Loyola Marymount
20100123	H	4-3	USC	UC Santa Barbara
20100123	H	4-3	Utah	Utah State
20100123	H	6-1	Washington	UC Irvine
20100123	H	6-1	Texas A&M	Nicholls State
20100123	A	6-1	Texas A&M	UTRGV
20100123	H	7-0	Tennessee	Chattanooga
20100123	H	7-0	Tennessee	ETSU
20100123	H	5-2	Georgia	USC Upstate
20100123	N	5-0	South Alabama	Florida Gulf Coast
20100123	N	7-0	East Carolina	Morgan State
20100124	H	5-0	VCU	George Mason
20100124	H	5-0	VCU	Longwood
20100124	H	7-0	Notre Dame	IUPUI
20100124	H	5-2	Baylor	Florida
20100124	A	5-2	TCU	Texas Arlington
20100124	N	4-3	TCU	UTRGV
20100124	A	4-3	Minnesota	Nebraska
20100124	H	5-2	Northwestern	William & Mary
20100124	H	7-0	Brown	Bryant
20100124	H	5-2	Dartmouth	Temple
20100124	N	4-0	Nevada	Idaho
20100124	H	7-0	Arizona	Montana State
20100124	H	5-1	New Mexico State	A&M-Corpus Christi
20100125	N	4-3	Ole Miss	Mississippi State
20100126	H	6-1	Fresno State	Pacific (CA)
20100126	H	7-0	California	Santa Clara
20100127	H	6-1	Pepperdine	Cal Poly
20100127	H	6-1	San Diego	UC Riverside
20100129	N	6-1	Oklahoma	San Diego State
20100129	H	6-1	Illinois	Virginia Tech
20100129	H	6-1	UNLV	Northern Arizona
20100129	H	7-0	UNLV	Utah State
20100129	H	6-1	Stanford	UNC Wilmington
20100129	N	5-1	Washington	Boise State
20100129	N	4-0	Mississippi State	DePaul
20100129	A	4-3	BYU	Harvard
20100129	N	4-2	BYU	Mississippi State
20100129	H	7-0	Portland	Portland State
20100129	N	5-2	Valparaiso	Dayton
20100130	N	4-3	Tulsa	Notre Dame
20100130	A	4-3	Kennesaw State	Austin Peay
20100130	H	4-0	Texas	Middle Tennessee
20100130	H	7-0	Sacramento State	Idaho State
20100130	H	7-0	Sacramento State	Weber State
20100130	H	7-0	Illinois	Washington
20100130	H	6-1	Michigan State	Detroit Mercy
20100130	H	7-0	Michigan State	Northern Illinois
20100130	H	7-0	Ohio State	New Mexico
20100130	A	4-3	UC Davis	Pacific (CA)
20100130	H	7-0	UC Riverside	Riverside
20100130	H	5-2	UNC Wilmington	San Diego State
20100130	N	4-1	Rice	Oklahoma State
20100130	H	7-0	Southern Miss	Alcorn State
20100130	H	7-0	UTSA	Prairie View A&M
20100130	A	6-1	Dartmouth	Army
20100130	H	4-1	Harvard	DePaul
20100130	A	4-3	Fresno State	Texas A&M
20100130	H	6-1	UNLV	St. Mary's (CA)
20100130	N	4-0	California	Texas Tech
20100130	A	4-3	Oregon	Portland
20100130	H	7-0	Stanford	Oklahoma
20100130	H	4-1	UCLA	Hawaii
20100130	H	4-1	USC	Vanderbilt
20100130	H	4-0	Florida	Furman
20100130	N	4-3	Ole Miss	Arkansas
20100130	A	4-2	Mississippi State	Harvard
20100130	N	6-0	BYU	DePaul
20100130	N	4-0	Pepperdine	South Florida
20100130	A	6-1	San Francisco	Loyola Marymount
20100130	H	7-0	San Diego	UCSD
20100131	N	4-1	Notre Dame	New Mexico
20100131	H	7-0	Baylor	Iowa
20100131	N	4-0	TCU	A&M-Corpus Christi
20100131	H	4-0	Texas	California
20100131	N	4-0	Texas Tech	Middle Tennessee
20100131	H	7-0	Eastern Washington	Lewis-Clark (ID)
20100131	N	4-3	Northern Arizona	St. Mary's (CA)
20100131	H	6-1	Sacramento State	UC Davis
20100131	N	4-2	Michigan	Minnesota
20100131	H	7-0	Ohio State	Tulsa
20100131	N	4-0	Hawaii	South Florida
20100131	H	4-3	UC Irvine	San Francisco
20100131	N	4-0	Fresno State	Rice
20100131	N	4-0	Arizona	Auburn
20100131	H	4-0	UCLA	Pepperdine
20100131	H	7-0	USC	Yale
20100131	H	4-1	Texas A&M	Oklahoma State
20100131	N	4-1	Arkansas	Columbia
20100131	H	7-0	Florida	Georgia Tech
20100131	H	4-0	Ole Miss	Indiana
20100131	N	4-2	South Carolina	VCU
20100131	H	7-0	Tennessee	Utah
20100131	H	4-1	Georgia	Northwestern
20100131	N	6-1	Vanderbilt	Radford
20100131	H	6-1	Santa Clara	Cal Poly
20100201	N	6-1	VCU	Utah
20100201	H	7-0	Baylor	TCU
20100201	N	4-2	Iowa	A&M-Corpus Christi
20100201	A	7-0	UAB	Birmingham Southern
20100201	H	4-0	Tennessee	South Carolina
20100201	H	4-2	Georgia	North Carolina
20100202	H	7-0	Southern Miss	Jackson State
20100202	H	7-0	USC	UC Irvine
20100203	A	7-0	Eastern Washington	Whitworth
20100203	A	5-2	Hawaii	San Francisco
20100203	H	7-0	UAB	North Alabama
20100203	H	7-0	Penn	St. Joseph's (PA)
20100203	H	4-3	California	Fresno State
20100203	H	6-1	Tennessee	The Citadel
20100203	H	7-0	Tennessee	Middle Tennessee
20100205	H	4-3	Tulsa	Sacramento State
20100205	H	4-3	Tulane	Florida A&M
20100205	N	4-3	Texas	Texas A&M
20100205	A	6-1	Weber State	Lewis-Clark (ID)
20100205	A	5-2	Illinois	Duke
20100205	H	6-1	Iowa	Memphis
20100205	A	5-2	UC Davis	Portland State
20100205	N	4-3	UC Riverside	Southern Miss
20100205	H	6-1	Rice	LSU
20100205	H	4-1	UAB	Georgia State
20100205	H	5-0	Brown	Colgate
20100205	H	4-1	Brown	Lehigh
20100205	H	5-2	UNLV	New Mexico State
20100205	H	6-1	New Mexico	Middle Tennessee
20100205	H	5-2	Washington	Mississippi State
20100205	H	7-0	Arkansas	Cowley County (KS)
20100205	H	7-0	Arkansas	Louisiana
20100205	H	6-1	Vanderbilt	Northwestern
20100205	A	4-3	Lamar	St. Edward's (TX)
20100205	A	5-4	Seattle	Willamette
20100205	H	7-0	Portland	Montana State
20100206	N	4-3	Oklahoma State	Sacramento State
20100206	H	7-0	DePaul	Green Bay
20100206	H	5-2	Portland State	Montana State
20100206	H	5-2	Michigan State	Ball State
20100206	H	6-1	Ohio State	Pepperdine
20100206	N	4-3	UC Davis	Montana State
20100206	H	4-3	UNC Wilmington	Elon
20100206	H	4-3	UTSA	UTRGV
20100206	H	5-2	Oregon	Idaho
20100206	H	6-1	Stanford	Hawaii
20100206	H	7-0	Florida	Florida Atlantic
20100206	N	5-2	Mississippi State	ETSU
20100206	H	5-2	South Carolina	Charlotte
20100206	A	3-4	Samford	Columbus State
20100206	A	0-9	Seattle	Lewis & Clark (OR)
20100206	A	9-0	Seattle	Pacific (OR)
20100206	H	5-2	BYU	UC Santa Barbara
20100206	A	5-2	East Carolina	Appalachian State
20100207	H	6-1	Central Florida	Georgia Southern
20100207	H	7-0	Iowa	Northern Illinois
20100207	H	7-0	Minnesota	St. Mary's (CA)
20100207	H	5-2	Northwestern	Western Michigan
20100207	H	6-1	Ohio State	North Carolina
20100207	A	4-3	UC Santa Barbara	Utah
20100207	A	7-0	College of Charleston	Limestone
20100207	H	6-1	Rice	Miami (FL)
20100207	H	4-0	Fresno State	Santa Clara
20100207	H	4-0	Fresno State	San Francisco
20100207	H	4-3	UNLV	UC Riverside
20100207	H	6-1	California	Hawaii
20100207	H	7-0	Oregon	Portland State
20100207	H	7-0	Oregon	Seattle
20100207	H	7-0	USC	San Diego
20100207	H	4-3	Washington	ETSU
20100207	A	4-3	Texas A&M	Tulsa
20100207	H	6-1	Arkansas	Wichita State
20100207	A	4-0	Auburn	UAB
20100207	H	6-1	Tennessee	Illinois
20100207	H	5-2	Georgia	Georgia Tech
20100207	H	7-0	Vanderbilt	Purdue
20100207	H	6-1	South Alabama	Florida A&M
20100207	N	6-1	New Mexico State	Southern Miss
20100207	H	4-3	Gonzaga	Eastern Washington
20100207	A	5-2	Pepperdine	Michigan
20100207	H	5-2	Portland	UC Davis
20100207	H	4-2	San Francisco	Pacific (CA)
20100208	H	9-0	Gardner-Webb	SMC
20100208	H	7-0	Ole Miss	Troy
20100208	A	7-0	Wofford	Brevard
20100209	H	7-0	Baylor	UTRGV
20100209	A	7-0	Butler	Dayton
20100209	A	5-2	Weber State	Idaho State
20100209	A	4-3	UC Irvine	San Diego State
20100209	H	4-3	South Carolina	N.C. State
20100210	H	5-2	Auburn	Troy
20100210	A	6-1	Samford	New Orleans
20100210	N	3-4	Arkansas Pine Bluff	Arkansas Ft. Smith
20100211	A	6-1	Gardner-Webb	Presbyterian
20100212	H	7-0	VCU	Temple
20100212	H	6-1	Lipscomb	North Alabama
20100212	H	7-0	Oklahoma	Arkansas
20100212	N	4-0	Texas	Stanford
20100212	A	4-3	Montana	Portland State
20100212	N	4-1	Hampton	Norfolk State
20100212	N	4-2	Ohio State	Louisville
20100212	N	7-0	Dartmouth	Sacred Heart
20100212	H	7-0	Oregon	Eastern Washington
20100212	N	4-1	UCLA	Kentucky
20100212	N	4-0	USC	Fresno State
20100212	A	7-0	Washington	Seattle
20100212	H	5-2	Army	Connecticut
20100212	N	4-2	Florida	Baylor
20100212	N	4-0	Tennessee	Illinois
20100212	N	4-3	Georgia	Ole Miss
20100212	H	5-0	Furman	UNC Asheville
20100212	H	7-0	Furman	Washington & Lee
20100212	A	7-2	Incarnate Word	St. Mary's (TX)
20100212	A	4-3	Lamar	Abilene Christian
20100212	A	4-3	BYU	Denver
20100212	H	5-2	Portland	Gonzaga
20100212	H	6-1	San Diego	Loyola Marymount
20100213	A	5-2	Central Florida	Stetson
20100213	N	7-0	Kennesaw State	Alabama A&M
20100213	A	6-1	Kennesaw State	Alabama State
20100213	N	4-2	Texas	USC
20100213	H	7-0	Texas Tech	Abilene Christian
20100213	H	7-0	Texas Tech	McMurry
20100213	A	5-2	Northern Arizona	Air Force
20100213	H	4-3	Portland State	Eastern Washington
20100213	A	7-0	UNC Asheville	Brevard
20100213	H	4-3	Michigan	Notre Dame
20100213	H	4-3	Northwestern	Middle Tennessee
20100213	N	4-3	Ohio State	Florida
20100213	H	1-6	Penn State	Buffalo
20100213	A	6-1	UC Santa Barbara	UC Riverside
20100213	H	4-0	UAB	New Orleans
20100213	H	7-0	Cleveland State	Dayton
20100213	N	5-2	Harvard	Brown
20100213	H	5-2	Oregon	Gonzaga
20100213	H	6-1	Oregon	St. Mary's (CA)
20100213	N	4-0	Stanford	Fresno State
20100213	H	7-0	Utah	Idaho State
20100213	H	7-0	Utah	Montana State
20100213	N	4-1	Ole Miss	Alabama
20100213	N	4-2	Tennessee	UCLA
20100213	A	6-1	UNC Greensboro	Navy
20100213	A	5-1	New Mexico State	Cal Poly
20100213	N	6-1	BYU	Drake
20100213	H	6-1	Portland	Montana
20100213	N	5-2	Santa Clara	Idaho
20100213	N	4-3	East Carolina	James Madison
20100213	A	6-1	East Carolina	Mary Washington
20100214	H	7-0	South Florida	UTSA
20100214	N	4-0	Baylor	Alabama
20100214	A	7-0	Northern Arizona	Northern Colorado
20100214	H	4-3	Weber State	Montana State
20100214	N	4-2	Illinois	Fresno State
20100214	H	7-0	Penn State	Bucknell
20100214	H	7-0	Penn State	St. Bonaventure
20100214	H	4-3	UC Irvine	UC Santa Barbara
20100214	A	4-3	Charlotte	Presbyterian
20100214	A	5-2	Middle Tennessee	DePaul
20100214	A	4-3	Southern Miss	Texas Arlington
20100214	A	4-3	Brown	Yale
20100214	N	4-2	Dartmouth	St. John's (NY)
20100214	N	6-1	Harvard	Princeton
20100214	H	7-0	New Mexico	Abilene Christian
20100214	H	4-3	Arizona	Cal Poly
20100214	H	4-3	Arizona	New Mexico State
20100214	N	4-2	Stanford	Kentucky
20100214	N	4-0	Florida	Georgia
20100214	H	4-3	Ole Miss	Louisville
20100214	H	7-0	South Carolina	Elon
20100214	N	4-1	Tennessee	Texas
20100214	H	4-3	Furman	Davidson
20100214	A	4-3	Santa Clara	UNLV
20100214	N	5-2	St. Mary's (CA)	Eastern Washington
20100215	N	5-2	Harvard	Columbia
20100215	N	4-0	USC	UCLA
20100216	H	5-2	Butler	Xavier
20100216	A	4-3	UNC Wilmington	Campbell
20100217	A	4-3	William & Mary	VCU
20100217	A	3-4	Wofford	Gardner-Webb
20100217	A	4-3	San Francisco	St. Mary's (CA)
20100217	H	4-3	East Carolina	Liberty
20100219	A	4-3	Central Florida	Florida Atlantic
20100219	H	5-2	South Florida	Middle Tennessee
20100219	H	5-2	Oklahoma	Alabama
20100219	A	5-2	Texas Tech	TCU
20100219	A	5-2	DePaul	Toledo
20100219	A	6-1	Nebraska	Michigan State
20100219	H	4-3	UC Irvine	UNLV
20100219	A	7-0	College of Charleston	Bethune Cookman
20100219	A	4-3	Penn	Navy
20100219	H	5-2	Arizona	BYU
20100219	H	6-1	Stanford	Boise State
20100219	A	6-1	USC	Pepperdine
20100219	H	5-2	Utah	Weber State
20100219	A	5-2	Arkansas	Oregon
20100219	H	6-1	Mississippi State	UAB
20100219	A	7-0	Loyola Marymount	UC Davis
20100220	H	7-0	Kennesaw State	NCCU
20100220	H	5-2	TCU	Wichita State
20100220	H	7-0	Texas	A&M-Corpus Christi
20100220	H	7-0	Texas	UTSA
20100220	N	5-2	Texas Tech	Wisconsin
20100220	H	7-0	Marquette	Villanova
20100220	H	7-0	Marquette	UMKC
20100220	H	4-3	Xavier	Brown
20100220	H	7-0	Eastern Washington	Northern Colorado
20100220	N	4-3	Gardner-Webb	The Citadel
20100220	H	5-2	Minnesota	Drake
20100220	H	6-1	Michigan State	Toledo
20100220	A	5-2	Nebraska	Western Michigan
20100220	H	5-2	UC Irvine	Nevada
20100220	H	7-0	UAB	Jacksonville State
20100220	N	6-1	Cleveland State	Villanova
20100220	A	4-3	California	Stanford
20100220	H	5-2	UCLA	San Diego State
20100220	H	4-3	Washington	Notre Dame
20100220	H	6-1	Arkansas	Cal Poly
20100220	H	6-1	Auburn	Southern Miss
20100220	H	4-3	Mississippi State	Middle Tennessee
20100220	H	7-0	UNC Greensboro	UNC Asheville
20100220	A	6-3	Incarnate Word	Trinity (TX)
20100220	H	7-0	Texas Arlington	Cameron
20100220	H	4-3	New Mexico State	New Mexico
20100220	N	5-2	BYU	South Alabama
20100220	A	5-2	Loyola Marymount	St. Mary's (CA)
20100220	H	7-0	Santa Clara	Sonoma State
20100220	A	4-3	San Francisco	UC Davis
20100220	H	5-2	San Diego	UC Santa Barbara
20100220	A	4-3	East Carolina	Davidson
20100220	N	6-1	Wright State	Niagara
20100221	H	7-0	Baylor	Prairie View A&M
20100221	H	7-0	Baylor	Texas Arlington
20100221	H	4-3	Oklahoma	Oklahoma State
20100221	H	5-2	Marquette	Cleveland State
20100221	H	7-0	Northern Arizona	Grand Canyon
20100221	H	7-0	Portland State	Lewis & Clark (OR)
20100221	A	4-3	Iowa	Western Michigan
20100221	H	7-0	Ohio State	Wright State
20100221	H	5-2	Ohio State	Kentucky
20100221	H	6-1	UNC Wilmington	Winthrop
20100221	A	4-3	William & Mary	Old Dominion
20100221	N	4-2	William & Mary	Temple
20100221	A	5-2	Air Force	Montana State
20100221	A	6-1	Nevada	UC Riverside
20100221	H	4-2	San Diego State	UC Santa Barbara
20100221	H	4-2	Arizona	South Alabama
20100221	H	4-3	Oregon	Cal Poly
20100221	H	4-3	Lehigh	Drexel
20100221	H	7-0	Texas A&M	Laredo (TX)
20100221	H	5-2	Texas A&M	Wisconsin
20100221	H	6-1	Florida	South Florida
20100221	H	7-0	UNC Greensboro	Charlotte
20100221	H	7-0	Gonzaga	Northern Colorado
20100221	H	4-2	San Diego	UNLV
20100221	N	7-0	Appalachian State	Catawba
20100223	H	4-3	Boston College	Dartmouth
20100223	H	4-3	Kennesaw State	Presbyterian
20100223	N	5-2	Gardner-Webb	Lees-McRae
20100223	H	5-2	Middle Tennessee	Brown
20100223	H	6-1	Middle Tennessee	Tennessee Tech
20100223	H	7-0	UCLA	UC Irvine
20100223	H	7-0	USC	San Diego State
20100223	A	7-2	Alcorn State	William Carey
20100223	H	5-2	Pepperdine	Fresno State
20100223	H	7-0	East Carolina	Mount Olive
20100224	H	5-2	VCU	Old Dominion
20100224	H	6-1	Xavier	Wright State
20100224	A	4-3	Iowa	Drake
20100224	H	5-2	Southern Miss	West Florida
20100224	H	7-0	Penn	Georgetown
20100224	H	6-1	South Alabama	New Orleans
20100225	A	4-3	Texas	Rice
20100225	N	4-3	Northern Arizona	UTRGV
20100225	H	6-1	LSU	Louisiana
20100225	H	4-0	LSU	New Orleans
20100225	A	5-2	San Diego	Cal Poly
20100226	H	5-2	Tulsa	Indiana
20100226	A	3-4	Central Florida	North Florida
20100226	H	6-1	Baylor	SMU
20100226	H	5-2	Oklahoma	Minnesota
20100226	N	5-2	Oklahoma State	Western Michigan
20100226	H	4-3	Texas Tech	Arizona
20100226	H	6-1	Eastern Washington	Idaho State
20100226	A	5-2	Radford	Charlotte
20100226	H	5-2	Harvard	Boston College
20100226	A	5-2	Washington	Oregon
20100226	H	7-0	Mississippi State	Memphis
20100226	A	4-3	Samford	Belmont
20100226	N	5-2	Texas Arlington	Northern Arizona
20100226	N	7-0	UTRGV	WNM
20100226	H	6-1	BYU	San Francisco
20100226	N	4-3	Pacific (CA)	San Diego
20100226	H	7-0	Green Bay	St. Norbert
20100226	H	7-0	Green Bay	UW Whitewater
20100226	A	4-3	Winthrop	Troy
20100227	H	7-0	Davidson	UNC Asheville
20100227	H	6-1	Notre Dame	Michigan State
20100227	H	4-3	Lipscomb	Martin Methodist
20100227	A	4-3	Butler	Toledo
20100227	A	6-1	Portland State	Northern Colorado
20100227	A	5-2	Sacramento State	Montana State
20100227	A	5-2	Northwestern	Princeton
20100227	H	6-1	Penn State	Cornell
20100227	A	6-1	College of Charleston	Chattanooga
20100227	H	6-1	Elon	Charlotte
20100227	H	6-1	UNC Wilmington	S.C. State
20100227	H	7-0	William & Mary	Howard
20100227	H	6-1	William & Mary	James Madison
20100227	H	4-3	UAB	Winthrop
20100227	H	7-0	UTSA	Abilene Christian
20100227	H	5-2	Penn	Delaware
20100227	H	6-1	Penn	Villanova
20100227	A	4-3	UCLA	California
20100227	A	4-3	USC	Stanford
20100227	N	7-0	Washington	Nevada
20100227	H	7-0	Arkansas	Johnson County (KS)
20100227	H	7-0	Arkansas	UMKC
20100227	H	7-0	Ole Miss	Tulane
20100227	H	5-2	South Carolina	Appalachian State
20100227	H	7-0	Georgia	ETSU
20100227	H	6-1	Vanderbilt	Furman
20100227	N	5-0	Incarnate Word	MSU-Texas
20100227	H	7-0	New Mexico State	Northern Arizona
20100227	H	4-0	New Mexico State	UTRGV
20100227	H	5-2	BYU	Boise State
20100227	A	6-1	Gonzaga	Lewis-Clark (ID)
20100227	A	4-3	San Francisco	Utah
20100228	H	4-2	Tulsa	Auburn
20100228	H	7-0	Central Florida	Florida A&M
20100228	H	6-1	Notre Dame	Toledo
20100228	H	4-3	Notre Dame	Wisconsin
20100228	H	6-1	Oklahoma	Indiana
20100228	H	7-0	Texas	Laredo (TX)
20100228	H	7-0	Texas	St. Edward's (TX)
20100228	H	4-0	Texas Tech	Denver
20100228	H	6-1	Marquette	Eastern Illinois
20100228	H	7-0	Iowa	DePaul
20100228	A	6-1	Minnesota	SMU
20100228	H	7-0	Penn State	Lafayette
20100228	H	7-0	Cal Poly	UC Davis
20100228	H	4-3	UC Santa Barbara	Pacific (CA)
20100228	H	6-1	UNC Wilmington	James Madison
20100228	H	6-1	Columbia	George Washington
20100228	H	5-2	Air Force	Portland State
20100228	H	6-1	Fresno State	UNLV
20100228	H	5-2	Oregon	Nevada
20100228	A	5-2	Texas A&M	LSU
20100228	H	6-1	Alabama	Winthrop
20100228	H	5-2	Florida	Illinois
20100228	A	4-3	Tennessee	Wake Forest
20100228	H	5-2	Vanderbilt	Middle Tennessee
20100228	H	6-1	UNC Greensboro	Longwood
20100228	H	9-0	UNC Greensboro	Randolph
20100228	H	4-3	San Francisco	Weber State
20100228	N	5-2	Green Bay	Eastern Illinois
20100301	N	9-0	Presbyterian	Marywood
20100301	H	6-1	UC Santa Barbara	UC Davis
20100301	A	5-2	College of Charleston	Samford
20100301	A	6-1	Rice	Loyola Marymount
20100301	H	6-1	Georgia	Furman
20100301	A	4-3	Pacific (CA)	Cal Poly
20100301	H	7-0	Santa Clara	Xavier
20100302	H	6-1	Texas	SMU
20100302	H	5-2	Illinois	Notre Dame
20100302	H	6-1	California	Utah
20100303	A	4-3	Boston College	Coastal Carolina
20100303	H	6-1	Nebraska	Drake
20100303	H	5-2	Ohio State	Louisville
20100303	H	4-0	Stanford	Utah
20100303	H	6-1	Ole Miss	Memphis
20100303	H	7-0	Texas Arlington	Centenary (LA)
20100303	A	7-0	Texas Arlington	Texas Dallas
20100303	N	6-1	UTRGV	DePaul
20100303	H	6-1	Pepperdine	Rice
20100303	A	4-3	San Diego	UC Irvine
20100303	A	4-3	Appalachian State	Gardner-Webb
20100304	A	4-3	Boston College	UNC Wilmington
20100304	H	6-1	Eastern Washington	Gonzaga
20100304	N	5-2	Michigan	California
20100304	A	4-3	Fresno State	San Diego State
20100304	A	5-2	Wofford	Charlotte
20100304	H	5-2	San Francisco	Xavier
20100305	H	6-1	TCU	Tulsa
20100305	A	5-2	Texas	Duke
20100305	N	4-0	Texas Tech	Louisiana
20100305	N	4-0	Texas Tech	Western Michigan
20100305	A	4-3	DePaul	A&M-Corpus Christi
20100305	H	5-2	Portland State	Seattle
20100305	A	0-0	Sacramento State	Northern Colorado
20100305	A	0-6	UNC Asheville	NCCU
20100305	H	5-2	Illinois	Texas A&M
20100305	H	7-0	Minnesota	New Mexico
20100305	H	5-2	College of Charleston	Boston College
20100305	N	4-2	Middle Tennessee	A&M-Corpus Christi
20100305	N	4-2	Western Michigan	South Alabama
20100305	N	6-1	S.C. State	Norfolk State
20100305	H	6-1	UNLV	Hawaii
20100305	H	6-1	Arizona	Santa Clara
20100305	A	5-2	Oregon	UTSA
20100305	A	6-1	USC	UCLA
20100305	A	7-0	Florida	Arkansas
20100305	H	5-2	LSU	South Carolina
20100305	A	6-1	Ole Miss	Vanderbilt
20100305	A	7-0	Tennessee	Auburn
20100305	A	4-2	Georgia	Alabama
20100305	H	5-2	UNC Greensboro	Chattanooga
20100305	N	5-0	Incarnate Word	NMMI
20100305	N	9-0	Incarnate Word	Southeastern (OK)
20100305	N	4-3	South Alabama	Louisiana
20100305	N	4-3	New Mexico State	UAB
20100305	N	4-0	BYU	DePaul
20100305	N	4-1	BYU	Middle Tennessee
20100305	N	4-3	Pacific (CA)	Marquette
20100305	H	7-0	Portland	Weber State
20100306	A	5-4	Fordham	St. Thomas Aquinas
20100306	N	4-1	Texas Tech	BYU
20100306	A	5-2	Weber State	Portland State
20100306	N	7-0	Weber State	Seattle
20100306	A	5-1	Radford	George Washington
20100306	A	5-2	Illinois	Northwestern
20100306	H	7-0	Michigan State	Butler
20100306	H	6-1	Michigan State	IUPUI
20100306	N	6-1	Nebraska	Santa Clara
20100306	N	6-1	Hawaii	Marquette
20100306	H	6-0	Drexel	Hofstra
20100306	H	5-2	Elon	Georgia Southern
20100306	A	4-3	Charlotte	Richmond
20100306	A	4-3	UAB	UTSA
20100306	H	6-1	Brown	Fairleigh Dickinson
20100306	A	6-1	Columbia	Cornell
20100306	N	4-0	Western Michigan	DePaul
20100306	H	7-0	Air Force	Colorado College
20100306	H	7-0	Air Force	Metropolitan State
20100306	H	5-2	UNLV	Pacific (CA)
20100306	N	5-2	Washington	New Mexico
20100306	N	4-2	South Alabama	Middle Tennessee
20100306	N	4-0	New Mexico State	Saint Louis
20100306	A	6-1	UTRGV	St. Mary's (TX)
20100306	H	7-0	Portland	Seattle
20100306	H	6-1	St. Mary's (CA)	UC Davis
20100306	N	7-0	Florida A&M	Norfolk State
20100306	A	4-3	Winthrop	Georgia State
20100307	N	4-3	Central Florida	Winthrop
20100307	H	7-0	Oklahoma	Wichita State
20100307	H	4-3	Montana State	Montana
20100307	H	7-0	Northern Arizona	Scottsdale (AZ)
20100307	A	6-1	Nebraska	Arizona
20100307	H	4-3	Ohio State	Texas A&M
20100307	H	6-1	Penn State	Purdue
20100307	N	5-1	Hawaii	Pacific (CA)
20100307	N	6-1	Charlotte	St. Joseph's (PA)
20100307	N	4-3	Illinois - Chicago	Washburn-Topeka
20100307	H	7-0	Dartmouth	Fairleigh Dickinson
20100307	H	4-3	Princeton	Radford
20100307	A	6-1	Washington	Minnesota
20100307	H	4-3	Army	NJIT
20100307	H	4-3	Navy	Delaware
20100307	H	4-2	Arkansas	South Carolina
20100307	A	7-0	Florida	LSU
20100307	A	4-1	Tennessee	Alabama
20100307	A	6-1	Georgia	Auburn
20100307	H	5-2	Vanderbilt	Mississippi State
20100307	A	5-2	Wofford	Georgia Southern
20100307	N	4-3	UTRGV	Saint Louis
20100307	N	6-1	East Carolina	CWRU
20100307	H	7-0	Wright State	Northwestern Ohio
20100307	H	4-3	Wright State	Toledo
20100307	N	1-6	Florida A&M	NCCU
20100307	N	7-0	Connecticut	Lake Forest
20100308	H	5-2	Florida Gulf Coast	Kennesaw State
20100308	H	4-3	College of Charleston	East Carolina
20100308	A	7-0	Penn	UC Riverside
20100308	A	4-2	Lamar	New Orleans
20100308	A	7-0	Appalachian State	Bethune Cookman
20100308	N	7-0	Connecticut	Valparaiso
20100308	N	5-2	Valparaiso	Boston University
20100309	H	5-2	Tulane	Lamar
20100309	H	7-0	Baylor	Laredo (TX)
20100309	H	1-6	Presbyterian	NCCU
20100309	A	7-0	Penn State	Coastal Carolina
20100309	A	6-1	James Madison	Norfolk State
20100309	H	4-3	UTSA	Saint Louis
20100309	H	4-3	Brown	Radford
20100309	N	4-3	Fairfield	Valparaiso
20100309	H	4-3	UCLA	Duke
20100309	H	7-0	Georgia	William & Mary
20100309	H	5-2	UNC Greensboro	The Citadel
20100309	H	5-2	Loyola Marymount	Penn
20100309	H	4-3	George Washington	Charlotte
20100310	N	5-2	La Salle	St. Francis (NY)
20100310	N	3-4	Oklahoma State	Hawaii
20100310	H	6-1	Texas	Florida State
20100310	A	5-2	James Madison	The Citadel
20100310	N	6-1	James Madison	CWRU
20100310	N	5-2	Monmouth (NJ)	Valparaiso
20100310	N	3-4	Northern Illinois	Connecticut
20100310	H	5-2	USC	Wake Forest
20100310	A	5-2	Lamar	Xavier (LA)
20100310	A	4-3	UTRGV	A&M-Corpus Christi
20100310	A	4-3	Gonzaga	UC Riverside
20100310	H	6-1	Pepperdine	Duke
20100310	A	4-3	East Carolina	The Citadel
20100310	H	6-1	Winthrop	Presbyterian
20100311	H	5-2	VCU	SMU
20100311	A	4-3	Baylor	UCLA
20100311	A	6-1	Oklahoma	TCU
20100311	A	7-0	Charlotte	Dayton
20100311	H	5-2	Southern Miss	Florida A&M
20100311	H	4-3	Harvard	Radford
20100311	N	5-2	Penn	Gonzaga
20100311	N	5-2	Ball State	Weber State
20100312	A	4-2	Dayton	IUPUI
20100312	H	6-1	Xavier	Charlotte
20100312	A	4-3	Montana	Northern Arizona
20100312	N	6-1	Nebraska	Oregon
20100312	H	7-0	Ohio State	Purdue
20100312	H	5-2	UC Irvine	Penn
20100312	H	5-2	UC Irvine	UC Riverside
20100312	A	4-3	James Madison	Coastal Carolina
20100312	H	7-0	Southern Miss	William Carey
20100312	H	4-3	Harvard	St. John's (NY)
20100312	H	7-0	Air Force	Seattle
20100312	H	6-1	UNLV	Ball State
20100312	H	6-1	UNLV	Weber State
20100312	H	7-0	Washington	Eastern Washington
20100312	H	5-2	Texas A&M	California
20100312	A	6-1	Alabama	South Carolina
20100312	H	5-2	Florida	Auburn
20100312	A	4-3	LSU	Mississippi State
20100312	H	4-2	Ole Miss	Arkansas
20100312	H	6-1	Tennessee	Vanderbilt
20100312	H	4-3	Georgia	Kentucky
20100312	A	5-2	Furman	The Citadel
20100313	H	7-0	Davidson	Chattanooga
20100313	H	4-3	South Florida	Notre Dame
20100313	A	5-2	Baylor	Pepperdine
20100313	A	5-2	Oklahoma State	UNLV
20100313	H	6-1	Texas	Michigan
20100313	A	5-2	Montana	Scottsdale (AZ)
20100313	A	4-3	Hampton	NCCU
20100313	H	6-1	Michigan State	Dayton
20100313	H	6-1	Michigan State	Eastern Illinois
20100313	A	6-1	Nebraska	BYU
20100313	H	5-1	Elon	Samford
20100313	N	6-1	Yale	Wofford
20100313	A	6-1	Buffalo	Duquesne
20100313	H	7-0	Air Force	St. Peter's
20100313	H	5-2	San Diego State	Boise State
20100313	H	4-3	New Mexico	Cal Poly
20100313	A	5-1	Arizona	San Diego
20100313	H	6-1	Lafayette	La Salle
20100313	A	6-1	Navy	Colgate
20100313	H	4-3	The Citadel	Georgia Southern
20100313	H	8-1	Incarnate Word	St. Mary's (TX)
20100313	H	6-1	Loyola Marymount	Gonzaga
20100314	H	5-2	South Florida	Princeton
20100314	A	4-3	Notre Dame	Florida State
20100314	A	4-3	Montana State	UC Riverside
20100314	A	4-3	Nebraska	Utah
20100314	H	4-3	UC Irvine	Marquette
20100314	H	5-2	UC Irvine	USC Upstate
20100314	H	5-2	College of Charleston	Georgia Southern
20100314	H	7-0	Elon	Chattanooga
20100314	A	6-1	UTSA	New Orleans
20100314	A	4-3	Cleveland State	Florida Atlantic
20100314	N	4-3	Yale	Winthrop
20100314	H	6-1	Fresno State	New Mexico
20100314	A	4-3	California	Rice
20100314	A	4-3	Auburn	South Carolina
20100314	H	6-1	Florida	Alabama
20100314	H	4-3	Ole Miss	LSU
20100314	H	4-1	Mississippi State	Arkansas
20100314	H	6-1	Tennessee	Kentucky
20100314	H	4-3	Georgia	Vanderbilt
20100314	H	5-2	UNC Greensboro	Samford
20100314	A	5-4	Incarnate Word	Laredo (TX)
20100314	H	6-1	Loyola Marymount	Marist
20100314	H	4-3	Santa Clara	UAB
20100314	H	5-2	San Francisco	St. Mary's (CA)
20100314	H	4-3	Wright State	IUPUI
20100315	H	5-2	Central Florida	Princeton
20100315	H	7-0	Western Michigan	Chicago State
20100315	H	7-0	Western Michigan	Ferris State
20100315	A	9-0	S.C. State	Hardin-Simmons
20100315	A	4-3	Boise State	San Diego
20100315	A	5-2	Arizona	San Diego State
20100315	H	4-3	Furman	Yale
20100315	H	9-0	Incarnate Word	Newman
20100316	H	6-1	La Salle	Chestnut Hill
20100316	N	6-1	Marquette	Marist
20100316	H	5-2	Hampton	Shaw
20100316	N	6-1	Indiana	Cleveland State
20100316	H	5-2	College of Charleston	Jacksonville State
20100316	H	7-0	UNC Wilmington	Samford
20100316	H	7-0	Florida Atlantic	NJIT
20100316	A	6-1	UAB	Pacific (CA)
20100316	A	4-3	UTSA	Tulane
20100316	A	4-3	Columbia	TCU
20100316	N	4-3	S.C. State	Fairleigh Dickinson
20100316	A	4-3	Mississippi State	South Florida
20100316	H	4-3	Wofford	Appalachian State
20100316	H	7-0	Georgia State	Lipscomb
20100316	A	7-0	South Alabama	Florida Gulf Coast
20100316	A	5-2	Loyola Marymount	Montana State
20100317	H	7-0	Boston College	Brandeis
20100317	H	6-1	Baylor	TCU
20100317	H	6-1	Radford	Elon
20100317	N	7-0	Indiana	Fairleigh Dickinson
20100317	A	5-2	Indiana	Central Florida
20100317	A	4-3	Minnesota	Pepperdine
20100317	A	4-3	UAB	St. Mary's (CA)
20100317	A	4-3	Columbia	SMU
20100317	H	5-2	Penn	George Washington
20100317	H	5-2	UNLV	Iowa
20100317	H	6-1	Appalachian State	UNC Asheville
20100318	N	4-0	VCU	South Florida
20100318	N	4-0	Tulsa	Furman
20100318	N	4-2	Notre Dame	Middle Tennessee
20100318	N	4-0	Oklahoma	San Diego State
20100318	N	4-1	Oklahoma State	Penn State
20100318	H	5-2	TCU	Sacramento State
20100318	N	5-0	Texas Tech	Harvard
20100318	H	7-0	Ohio State	Detroit Mercy
20100318	A	4-3	James Madison	Liberty
20100318	H	6-1	UNC Wilmington	Drake
20100318	H	4-3	Florida Atlantic	South Alabama
20100318	A	4-3	UTSA	Nicholls State
20100318	H	5-2	Brown	Fairfield
20100318	N	4-0	Fresno State	Boise State
20100318	N	4-0	Arizona	William & Mary
20100318	A	7-5	Army	Florida Tech
20100318	N	7-0	Navy	Bethune Cookman
20100318	H	4-3	UNC Greensboro	Coastal Carolina
20100318	H	5-4	Incarnate Word	Washburn-Topeka
20100318	H	6-1	San Francisco	UAB
20100318	A	5-2	George Washington	Temple
20100319	N	6-1	Duquesne	Youngstown State
20100319	H	7-0	La Salle	Wagner
20100319	N	4-1	South Florida	San Diego State
20100319	N	4-3	Notre Dame	Fresno State
20100319	A	7-0	Stetson	Belmont
20100319	N	4-1	Oklahoma	VCU
20100319	N	4-2	Texas Tech	Oklahoma State
20100319	A	4-3	Marquette	Loyola Marymount
20100319	H	5-2	Xavier	St. Bonaventure
20100319	A	5-2	Sacramento State	Texas Arlington
20100319	H	6-1	Radford	S.C. State
20100319	H	7-0	Illinois	Ball State
20100319	H	6-1	Illinois	Illinois State
20100319	N	5-2	Iowa	Wichita State
20100319	N	4-1	William & Mary	Furman
20100319	H	4-0	Rice	Tulane
20100319	A	5-1	Columbia	Texas Arlington
20100319	A	6-3	Dartmouth	Point Loma (CA)
20100319	N	4-1	Harvard	Penn State
20100319	H	5-2	Northern Illinois	Lewis
20100319	N	4-0	Boise State	Middle Tennessee
20100319	N	4-2	Arizona	Tulsa
20100319	A	4-2	USC	Georgia
20100319	H	6-1	Texas A&M	Lamar
20100319	H	6-1	Texas A&M	Pepperdine
20100319	H	4-3	LSU	Wake Forest
20100319	A	6-1	Ole Miss	College of Charleston
20100319	H	4-3	South Carolina	Nebraska
20100319	H	4-3	The Citadel	Charlotte
20100319	H	9-0	Incarnate Word	Dallas Baptist
20100319	H	6-1	BYU	San Diego
20100319	H	5-2	East Carolina	Longwood
20100319	H	4-3	Wright State	Detroit Mercy
20100319	N	3-4	Arkansas Pine Bluff	Prairie View A&M
20100320	N	4-0	Tulsa	VCU
20100320	A	5-2	Boston College	Brown
20100320	A	4-3	Florida Gulf Coast	Belmont
20100320	A	7-0	Liberty	Presbyterian
20100320	A	6-1	Stetson	Lipscomb
20100320	N	4-1	Oklahoma	Arizona
20100320	N	4-0	Texas Tech	Notre Dame
20100320	N	4-3	Marquette	Nevada
20100320	H	7-0	Gardner-Webb	North Greenville
20100320	H	6-1	Gardner-Webb	Pfeiffer
20100320	H	4-1	Radford	St. John's (NY)
20100320	N	4-3	Iowa	Pacific (CA)
20100320	H	6-1	Michigan	Michigan State
20100320	N	4-1	Penn State	Middle Tennessee
20100320	H	7-0	Cal Poly	Utah State
20100320	H	7-0	College of Charleston	Charlotte
20100320	H	5-1	UNC Wilmington	New Orleans
20100320	N	4-3	William & Mary	South Florida
20100320	H	4-1	Rice	N.C. State
20100320	H	5-2	Brown	Connecticut
20100320	H	6-1	Ball State	Butler
20100320	H	9-0	Northern Illinois	Rockford
20100320	A	4-3	Boise State	Harvard
20100320	N	4-3	Fresno State	Oklahoma State
20100320	A	4-3	San Diego State	Furman
20100320	A	5-2	UNC Greensboro	Wofford
20100320	N	4-1	A&M-Corpus Christi	Tulane
20100320	A	5-2	San Diego	Utah
20100320	H	6-1	Green Bay	Valparaiso
20100321	H	5-2	Virginia	Baylor
20100321	H	9-2	Virginia	Gardner-Webb
20100321	H	4-3	Texas	Pepperdine
20100321	N	4-3	Texas Tech	Oklahoma
20100321	H	5-2	Butler	Detroit Mercy
20100321	A	4-3	Illinois	Wisconsin
20100321	H	6-1	Purdue	Lewis
20100321	H	5-2	James Madison	Longwood
20100321	H	4-0	Rice	A&M-Corpus Christi
20100321	A	4-3	Princeton	Florida Atlantic
20100321	H	5-2	Yale	Boston College
20100321	N	4-3	Air Force	Army
20100321	H	4-3	Nevada	Dartmouth
20100321	A	6-1	Loyola (MD)	La Salle
20100321	A	5-2	Ole Miss	South Carolina
20100321	H	7-0	Tennessee	LSU
20100321	H	6-0	Georgia	Arkansas
20100321	H	5-2	Vanderbilt	Alabama
20100321	H	5-4	UNC Greensboro	Piedmont
20100321	A	4-3	Coastal Carolina	East Carolina
20100321	N	6-1	UTRGV	Xavier (LA)
20100321	N	4-3	Pacific (CA)	Wichita State
20100321	H	6-1	San Francisco	Sonoma State
20100321	H	5-2	George Washington	Richmond
20100321	H	5-2	Green Bay	Illinois - Chicago
20100322	H	6-1	Sacramento State	UC Riverside
20100322	H	4-3	College of Charleston	Elon
20100322	A	6-1	Dartmouth	UCSD
20100322	H	7-0	Texas A&M	Louisville
20100322	H	6-1	Wright State	Bethune Cookman
20100323	H	6-1	Saint Louis	UMKC
20100323	A	7-0	Memphis	Birmingham Southern
20100323	H	7-0	Stetson	DePaul
20100323	A	4-2	Ohio State	LSU
20100323	H	7-0	James Madison	George Mason
20100323	A	4-3	Cornell	Utah
20100323	A	4-3	Stanford	Illinois
20100323	H	7-0	UCLA	Wichita State
20100323	A	6-1	Washington	UC Santa Barbara
20100323	A	4-3	The Citadel	Elon
20100323	H	9-0	Incarnate Word	OLLU (TX)
20100323	A	6-1	New Mexico State	Utah State
20100323	H	7-0	Santa Clara	Eastern Washington
20100324	H	5-2	Davidson	The Citadel
20100324	A	7-0	La Salle	Arcadia
20100324	H	5-2	South Florida	DePaul
20100324	H	7-1	Virginia	Richmond
20100324	H	6-1	Virginia	VCU
20100324	A	6-1	Liberty	Norfolk State
20100324	H	7-0	Sacramento State	Eastern Washington
20100324	H	4-3	Gardner-Webb	Charlotte
20100324	A	4-3	Northwestern	UC Santa Barbara
20100324	H	7-0	Florida Atlantic	Wright State
20100324	H	5-2	UAB	Memphis
20100324	A	6-1	Fairfield	Fordham
20100324	A	5-2	South Carolina	Clemson
20100324	H	7-0	Chattanooga	Lee (TN)
20100324	H	5-2	Furman	Appalachian State
20100324	A	5-2	Georgia State	Georgia Southern
20100324	H	4-3	Loyola Marymount	Dartmouth
20100324	H	7-0	Santa Clara	UC Riverside
20100324	H	4-3	East Carolina	UNC Greensboro
20100324	A	5-2	George Washington	Navy
20100325	H	6-1	Central Florida	Air Force
20100325	H	7-0	Stetson	Kennesaw State
20100325	A	4-2	Ohio State	Georgia
20100325	A	4-3	Illinois - Chicago	Detroit Mercy
20100325	H	4-3	Boise State	Idaho
20100325	H	6-1	Boise State	UC Irvine
20100325	H	6-1	Mount St. Mary's (MD)	District of Columbia
20100325	A	5-2	Stanford	Michigan
20100325	A	4-3	Mercer	Florida Gulf Coast
20100325	N	5-2	New Mexico State	Cornell
20100325	N	7-0	Wright State	SNHU
20100326	A	7-0	Duquesne	St. Joseph's (PA)
20100326	H	5-2	Tulsa	Nebraska
20100326	H	7-0	Virginia	Miami (FL)
20100326	H	5-2	Virginia Tech	Florida State
20100326	A	5-2	Kennesaw State	Bethune Cookman
20100326	H	6-1	Texas	Oklahoma State
20100326	H	4-3	Xavier	Saint Louis
20100326	A	6-1	Minnesota	Western Michigan
20100326	H	5-2	Wisconsin	Indiana
20100326	H	4-3	UC Santa Barbara	BYU
20100326	N	4-3	James Madison	Delaware
20100326	H	6-1	UTSA	St. Mary's (TX)
20100326	H	7-0	Cleveland State	Youngstown State
20100326	H	6-1	Columbia	St. John's (NY)
20100326	N	5-1	Cornell	Portland
20100326	H	6-1	Harvard	Quinnipiac
20100326	H	6-1	Western Michigan	Illinois - Chicago
20100326	H	6-1	Nevada	Eastern Washington
20100326	N	6-1	Utah State	Eastern Washington
20100326	H	6-1	California	Arizona
20100326	A	7-0	UCLA	Washington
20100326	A	7-0	USC	Oregon
20100326	H	4-3	Utah	New Mexico State
20100326	H	5-2	Texas A&M	Oklahoma
20100326	H	4-1	Auburn	South Florida
20100326	H	5-2	Alabama	Southern Miss
20100326	H	7-0	Tennessee	Louisville
20100326	A	5-4	Incarnate Word	St. Edward's (TX)
20100326	N	5-4	Omaha	Metropolitan State
20100326	N	4-0	Georgia State	Drexel
20100326	H	6-1	East Carolina	Limestone
20100326	A	6-1	Connecticut	Boston University
20100326	H	6-1	Winthrop	Hampton
20100327	H	4-3	Davidson	Georgia Southern
20100327	A	4-3	Duquesne	Temple
20100327	H	5-2	La Salle	Fordham
20100327	A	7-0	Saint Louis	Dayton
20100327	H	4-3	VCU	UNC Wilmington
20100327	H	7-0	Central Florida	DePaul
20100327	A	5-2	Notre Dame	Northwestern
20100327	A	6-1	North Carolina	Boston College
20100327	H	4-3	Liberty	UNC Asheville
20100327	H	6-1	Stetson	Mercer
20100327	H	7-0	Baylor	Abilene Christian
20100327	H	7-0	Baylor	St. Edward's (TX)
20100327	N	4-2	Idaho	Ball State
20100327	N	3-4	Idaho	Cornell
20100327	A	4-3	Gardner-Webb	Longwood
20100327	H	7-0	Radford	Presbyterian
20100327	A	5-2	Iowa	Michigan State
20100327	H	5-2	Michigan	Minnesota
20100327	A	5-2	Nebraska	Wichita State
20100327	N	4-2	Purdue	Cal Poly
20100327	N	7-0	Cal Poly	Portland
20100327	H	7-0	UC Santa Barbara	Dartmouth
20100327	H	4-3	College of Charleston	Appalachian State
20100327	N	4-0	James Madison	Drexel
20100327	A	5-2	Rice	TCU
20100327	H	5-2	Cleveland State	Green Bay
20100327	N	5-1	Cornell	UC Irvine
20100327	A	5-2	Princeton	Penn
20100327	H	4-3	Yale	St. John's (NY)
20100327	N	5-2	Ball State	UC Irvine
20100327	H	4-3	Buffalo	Toledo
20100327	H	6-0	Boise State	Portland
20100327	H	7-0	Boise State	Purdue
20100327	H	5-2	Nevada	Utah State
20100327	H	5-2	San Diego State	Tulane
20100327	H	6-1	Stanford	Arizona
20100327	A	7-0	UCLA	Oregon
20100327	A	6-1	USC	Washington
20100327	A	6-1	Navy	Bucknell
20100327	A	4-3	Furman	Samford
20100327	A	5-2	Wofford	Chattanooga
20100327	N	6-1	Georgia State	Delaware
20100327	A	7-0	BYU	Loyola Marymount
20100327	H	4-3	Pepperdine	Illinois
20100327	H	6-1	Santa Clara	Montana
20100327	H	6-1	St. Mary's (CA)	UC Riverside
20100327	H	5-2	George Washington	Georgetown
20100327	H	5-2	Winthrop	Charlotte
20100328	A	4-3	Memphis	Southern Miss
20100328	H	9-1	Virginia	Delaware
20100328	H	5-2	Virginia	Florida State
20100328	H	5-2	Virginia Tech	Miami (FL)
20100328	H	6-1	Texas	Oklahoma
20100328	H	6-1	Sacramento State	Montana
20100328	H	4-3	Sacramento State	San Francisco
20100328	A	6-1	Indiana	Northwestern
20100328	H	6-1	Michigan	Iowa
20100328	A	5-2	Minnesota	Michigan State
20100328	H	4-0	Ohio State	Cleveland State
20100328	H	7-0	Ohio State	Penn State
20100328	N	6-1	Cal Poly	Ball State
20100328	H	6-1	UC Davis	Eastern Washington
20100328	N	5-2	UC Irvine	Portland
20100328	A	5-2	College of Charleston	Davidson
20100328	H	4-3	UNC Wilmington	Old Dominion
20100328	N	4-3	Cornell	Purdue
20100328	H	7-0	Buffalo	St. Bonaventure
20100328	H	5-2	Western Michigan	Xavier
20100328	H	4-0	Boise State	Idaho
20100328	A	4-3	Fresno State	TCU
20100328	H	7-0	New Mexico	Northern Arizona
20100328	H	7-0	Navy	Howard
20100328	H	6-1	Navy	Villanova
20100328	H	7-0	Texas A&M	Oklahoma State
20100328	H	5-2	Auburn	Vanderbilt
20100328	A	4-3	Florida	Ole Miss
20100328	A	4-2	South Carolina	Mississippi State
20100328	A	6-1	Tennessee	Arkansas
20100328	A	5-2	Georgia	LSU
20100328	A	7-0	Furman	Chattanooga
20100328	A	7-2	UNC Greensboro	Shenandoah
20100328	A	4-3	Georgia Southern	Appalachian State
20100328	N	4-3	Georgia State	James Madison
20100328	H	5-2	San Diego	Tulane
20100328	H	6-1	East Carolina	George Washington
20100328	A	6-1	Green Bay	Youngstown State
20100329	H	7-0	Stetson	Niagara
20100329	H	7-0	Stetson	Oberlin
20100329	A	7-0	Brown	Davidson
20100329	H	6-1	Texas Arlington	Lamar
20100329	A	6-1	Pacific (CA)	Air Force
20100330	H	6-1	Tulsa	Arkansas
20100330	A	5-2	Liberty	Longwood
20100330	A	4-3	Baylor	Stanford
20100330	H	4-3	Texas Tech	Fresno State
20100330	H	5-2	UC Irvine	Tulane
20100330	N	4-0	Arkansas	Oral Roberts
20100330	H	5-2	Furman	Brown
20100330	H	6-1	Coastal Carolina	S.C. State
20100330	H	4-3	Pepperdine	Boise State
20100331	A	7-0	Davidson	Wofford
20100331	H	7-0	Fordham	Rider
20100331	A	8-1	La Salle	Elizabethtown
20100331	A	6-1	Duke	N.C. State
20100331	A	4-3	Montana	UC Davis
20100331	A	4-3	Wisconsin	Miami (FL)
20100331	H	6-1	Cal Poly	UC Santa Barbara
20100331	H	7-0	College of Charleston	The Citadel
20100331	H	6-1	Drexel	St. Joseph's (PA)
20100331	H	5-2	Old Dominion	Delaware
20100331	H	4-1	Fairleigh Dickinson	Quinnipiac
20100331	A	5-4	Merrimack	Stonehill
20100331	H	7-0	UCLA	Boise State
20100331	H	4-3	Texas A&M	Rice
20100331	H	6-1	Texas A&M	Texas Arlington
20100331	H	4-3	UNC Greensboro	Elon
20100331	H	6-1	UTRGV	A&M-Corpus Christi
20100331	A	5-2	Winthrop	Gardner-Webb
20100401	A	7-0	La Salle	Rider
20100401	A	4-3	Oklahoma	Tulsa
20100401	H	5-2	Oklahoma State	Central Florida
20100401	H	6-1	Campbell	Florida Gulf Coast
20100401	H	5-2	Radford	North Florida
20100401	H	6-1	USC Upstate	Stetson
20100401	A	4-3	James Madison	Richmond
20100401	N	4-2	UAB	Southern Miss
20100401	H	5-2	New Mexico	Utah
20100401	A	5-2	Sacred Heart	Fairleigh Dickinson
20100401	A	6-1	BYU	Air Force
20100401	H	7-0	Pepperdine	Loyola Marymount
20100401	H	7-0	Pepperdine	San Diego State
20100401	A	4-3	East Carolina	Tulane
20100401	H	6-1	Wright State	Dayton
20100402	H	6-1	Duke	Virginia Tech
20100402	A	4-3	Virginia	North Carolina
20100402	H	6-1	Kennesaw State	Lipscomb
20100402	A	6-1	Stetson	Campbell
20100402	A	4-3	TCU	UNLV
20100402	A	7-0	Indiana	Purdue
20100402	H	6-1	Minnesota	Penn State
20100402	A	6-1	Northwestern	Michigan State
20100402	A	6-1	Ohio State	Iowa
20100402	H	5-2	Hawaii	Fresno State
20100402	N	6-1	UC Santa Barbara	Montana State
20100402	H	7-0	College of Charleston	Wofford
20100402	A	4-3	UNC Wilmington	Radford
20100402	N	4-0	Florida Atlantic	Middle Tennessee
20100402	A	4-1	Southern Miss	Tulane
20100402	A	5-0	UTSA	Arkansas Pine Bluff
20100402	H	5-2	Columbia	Harvard
20100402	H	4-2	Cornell	Dartmouth
20100402	H	4-3	Penn	Brown
20100402	H	4-3	Princeton	Yale
20100402	N	5-2	Oregon	Northern Arizona
20100402	H	5-2	UCLA	California
20100402	H	5-2	USC	Stanford
20100402	A	6-1	Washington	Arizona
20100402	H	6-1	Navy	Lehigh
20100402	A	4-3	Texas A&M	Nebraska
20100402	H	4-3	Auburn	Arkansas
20100402	H	4-3	Alabama	LSU
20100402	A	7-0	Florida	Vanderbilt
20100402	H	7-0	Tennessee	Ole Miss
20100402	H	5-2	Georgia	Mississippi State
20100402	H	5-2	Chattanooga	The Citadel
20100402	N	4-1	South Alabama	Louisiana
20100402	N	4-3	East Carolina	UAB
20100402	H	4-3	Valparaiso	Youngstown State
20100403	A	4-3	Duquesne	Niagara
20100403	H	4-3	Tulsa	Central Florida
20100403	H	5-2	Georgia Tech	Boston College
20100403	A	5-2	Notre Dame	SMU
20100403	A	4-3	Texas	Texas Tech
20100403	N	4-3	Idaho	Utah State
20100403	H	4-3	Sacramento State	Cal Poly
20100403	H	4-3	Weber State	Northern Arizona
20100403	H	5-2	Radford	Coastal Carolina
20100403	H	7-0	USC Upstate	Florida Gulf Coast
20100403	A	6-1	Illinois	Purdue
20100403	H	5-2	Michigan	Northwestern
20100403	H	4-3	Nebraska	Oklahoma State
20100403	A	6-1	Wisconsin	Michigan State
20100403	H	6-1	UC Davis	Sonoma State
20100403	A	4-3	UC Santa Barbara	Boise State
20100403	H	5-2	William & Mary	Delaware
20100403	H	7-0	William & Mary	Norfolk State
20100403	N	4-2	Middle Tennessee	New Orleans
20100403	A	0-1	UAB	Tulane
20100403	N	4-1	Southern Miss	East Carolina
20100403	A	6-1	UTSA	Lamar
20100403	A	7-0	Cleveland State	Valparaiso
20100403	H	7-0	Illinois - Chicago	Youngstown State
20100403	H	6-1	Columbia	Dartmouth
20100403	H	5-2	Cornell	Harvard
20100403	H	5-2	Princeton	Brown
20100403	A	5-2	Yale	Penn
20100403	H	4-3	Ball State	Toledo
20100403	H	4-3	Buffalo	Western Michigan
20100403	H	7-0	Boise State	Montana State
20100403	A	4-3	Stanford	UCLA
20100403	H	6-1	USC	California
20100403	A	5-2	Utah	Air Force
20100403	H	7-0	Navy	Lafayette
20100403	H	5-2	ETSU	North Florida
20100403	H	5-2	UNC Greensboro	Davidson
20100403	N	4-2	Denver	South Alabama
20100403	A	4-0	Denver	Troy
20100403	H	4-3	Georgia Southern	S.C. State
20100403	N	4-1	South Alabama	Florida Atlantic
20100403	H	5-2	Texas Arlington	DePaul
20100403	A	5-2	BYU	New Mexico
20100403	A	4-3	San Francisco	Santa Clara
20100403	H	5-2	Wright State	Green Bay
20100403	A	5-2	Appalachian State	Chattanooga
20100403	A	6-1	Winthrop	UNC Asheville
20100404	A	7-0	Richmond	NCCU
20100404	H	4-3	North Carolina	Virginia Tech
20100404	A	4-3	Virginia	Duke
20100404	A	5-2	Northern Arizona	Idaho State
20100404	H	6-1	Illinois	Indiana
20100404	H	4-3	Iowa	Penn State
20100404	H	4-3	Michigan	Wisconsin
20100404	A	7-0	Ohio State	Minnesota
20100404	A	5-2	Cleveland State	Illinois - Chicago
20100404	H	4-3	San Diego State	TCU
20100404	H	5-2	Arizona	Oregon
20100404	H	5-2	Auburn	LSU
20100404	H	4-0	Alabama	Arkansas
20100404	A	4-3	Florida	Kentucky
20100404	H	5-2	Tennessee	Mississippi State
20100404	H	5-2	Georgia	Ole Miss
20100404	H	6-1	Vanderbilt	South Carolina
20100404	H	6-0	Santa Clara	Gonzaga
20100405	H	7-0	Duquesne	St. Bonaventure
20100405	A	7-0	St. Francis (NY)	Wagner
20100405	H	6-1	Texas A&M	Notre Dame
20100405	H	4-0	Texas A&M	UTSA
20100405	A	6-1	The Citadel	NCCU
20100406	H	5-4	North Alabama	West Alabama
20100406	H	7-0	Georgetown	Howard
20100406	H	7-0	Xavier	Dayton
20100406	H	4-3	Elon	Davidson
20100406	H	6-1	Stanford	UC Irvine
20100406	H	4-3	UNC Greensboro	Appalachian State
20100406	A	6-1	Loyola Marymount	UC Riverside
20100407	H	4-3	St. Bonaventure	Niagara
20100407	A	4-3	Duke	Wake Forest
20100407	H	5-2	Virginia Tech	VCU
20100407	A	6-1	Oklahoma	Oklahoma State
20100407	H	6-1	Texas	Tulsa
20100407	A	7-0	Villanova	La Salle
20100407	H	4-3	Xavier	Northern Kentucky
20100407	A	5-2	Radford	Gardner-Webb
20100407	A	7-0	Ohio State	Notre Dame
20100407	A	5-2	Drexel	George Mason
20100407	H	4-3	James Madison	Georgetown
20100407	A	4-3	San Diego State	San Diego
20100407	A	6-1	Fairleigh Dickinson	Monmouth (NJ)
20100407	N	8-1	Merrimack	St. Michael's
20100407	H	4-3	UCLA	Pepperdine
20100407	H	6-1	Texas A&M	Baylor
20100407	A	4-3	Chattanooga	Samford
20100407	A	6-1	The Citadel	Brevard
20100407	A	5-2	Nicholls State	Alcorn State
20100407	H	5-2	Connecticut	Fairfield
20100408	H	4-3	TCU	Utah
20100408	A	6-1	Sacramento State	St. Mary's (CA)
20100408	H	7-0	UC Santa Barbara	Oregon
20100408	H	7-0	Fairleigh Dickinson	St. Joseph's (PA)
20100408	A	1-8	Loyola (MD)	Catholic
20100408	A	4-3	Denver	Cal Poly
20100408	H	4-3	Wright State	Butler
20100409	H	4-3	La Salle	George Mason
20100409	H	5-2	North Carolina	Clemson
20100409	H	7-0	Virginia	N.C. State
20100409	H	5-2	Virginia Tech	Wake Forest
20100409	H	4-3	Texas Tech	Nebraska
20100409	A	4-3	DePaul	Old Dominion
20100409	H	5-2	Georgetown	Villanova
20100409	H	5-2	Eastern Washington	Weber State
20100409	A	7-0	Northern Arizona	Gonzaga
20100409	H	6-1	Sacramento State	Portland
20100409	A	7-0	Sacramento State	Portland State
20100409	H	6-1	Radford	Winthrop
20100409	A	4-3	Michigan	Penn State
20100409	H	7-0	Ohio State	Michigan State
20100409	H	5-0	Ohio State	Toledo
20100409	H	5-2	Wisconsin	Northwestern
20100409	H	7-0	UNC Wilmington	Presbyterian
20100409	N	4-3	Middle Tennessee	Memphis
20100409	H	4-3	Rice	Tulsa
20100409	A	5-2	Illinois - Chicago	Valparaiso
20100409	A	6-1	Columbia	Brown
20100409	H	5-2	Dartmouth	Penn
20100409	H	5-2	Harvard	Princeton
20100409	H	2-5	Yale	Cornell
20100409	H	5-2	Nevada	New Mexico State
20100409	H	7-0	San Diego State	Air Force
20100409	H	7-0	San Diego State	UC Riverside
20100409	H	4-3	UNLV	New Mexico
20100409	A	7-0	St. Francis (NY)	Wagner
20100409	H	7-0	California	Oregon
20100409	H	6-1	Stanford	Washington
20100409	A	7-0	USC	Arizona
20100409	A	4-3	Alabama	Mississippi State
20100409	H	5-2	Ole Miss	Auburn
20100409	A	4-3	Tennessee	Florida
20100409	A	4-3	Georgia	South Carolina
20100409	A	5-2	Kentucky	LSU
20100409	A	4-3	Vanderbilt	Arkansas
20100409	H	5-0	Incarnate Word	Cameron
20100409	A	4-5	Omaha	Emporia State
20100409	H	5-2	Texas Arlington	Utah
20100409	H	6-1	Santa Clara	Pacific (CA)
20100409	H	4-0	Appalachian State	The Citadel
20100409	H	7-0	George Washington	Howard
20100409	H	5-1	George Washington	James Madison
20100409	H	4-3	Green Bay	Detroit Mercy
20100410	A	6-1	Duquesne	Dayton
20100410	N	5-2	Memphis	Chattanooga
20100410	A	4-3	Central Florida	South Florida
20100410	H	4-3	Duke	Georgia Tech
20100410	H	4-3	Liberty	Radford
20100410	A	4-3	North Florida	Middle Tennessee
20100410	A	4-3	Texas	Baylor
20100410	H	4-3	Georgetown	Connecticut
20100410	A	4-3	Marquette	New Orleans
20100410	H	6-1	Idaho	Seattle
20100410	H	6-0	Idaho	Weber State
20100410	A	4-3	Montana	Idaho State
20100410	A	4-3	Northern Arizona	Eastern Washington
20100410	A	6-1	Campbell	NCCU
20100410	H	7-0	Gardner-Webb	Abraham Baldwin
20100410	H	6-1	Illinois	Minnesota
20100410	H	6-1	Indiana	Iowa
20100410	H	5-2	Wisconsin	Purdue
20100410	A	5-2	Cal Poly	UC Irvine
20100410	H	6-1	UC Davis	Portland State
20100410	H	7-0	Florida Atlantic	Bethune Cookman
20100410	H	4-3	Old Dominion	South Alabama
20100410	H	6-1	Cleveland State	Wright State
20100410	A	5-2	Cornell	Brown
20100410	H	7-0	Harvard	Penn
20100410	A	4-3	Princeton	Dartmouth
20100410	H	4-3	Yale	Columbia
20100410	A	4-3	Ball State	Western Michigan
20100410	A	5-0	Buffalo	Chicago State
20100410	H	6-1	S.C. State	Francis Marion
20100410	H	6-1	Boise State	Nevada
20100410	H	6-1	Boise State	New Mexico State
20100410	H	5-2	Fresno State	Sacramento State
20100410	H	5-2	California	Washington
20100410	H	7-0	Stanford	Oregon
20100410	H	7-0	Lafayette	Wagner
20100410	H	6-1	Navy	Richmond
20100410	H	6-1	Furman	Elon
20100410	A	4-3	Samford	Davidson
20100410	A	4-3	UNC Greensboro	Georgia Southern
20100410	H	5-2	Georgia State	UNC Asheville
20100410	A	6-1	Louisiana	Tulane
20100410	H	6-1	UTRGV	Lamar
20100410	A	4-3	BYU	TCU
20100410	H	7-0	Gonzaga	Lewis-Clark (ID)
20100410	H	6-1	Pacific (CA)	Portland
20100410	H	6-1	Pepperdine	Denver
20100410	H	6-1	Pepperdine	UC Santa Barbara
20100410	H	5-2	Santa Clara	Loyola Marymount
20100410	H	6-1	East Carolina	Presbyterian
20100410	H	4-3	Appalachian State	Charlotte
20100410	H	6-1	Winthrop	Coastal Carolina
20100411	H	7-0	Dayton	Wittenberg
20100411	A	7-2	La Salle	Moravian
20100411	H	7-0	Richmond	Morgan State
20100411	N	6-1	VCU	South Alabama
20100411	H	7-0	Boston College	Holy Cross (MA)
20100411	H	5-2	Duke	Clemson
20100411	A	6-1	Miami (FL)	Boston College
20100411	H	5-2	North Carolina	Georgia Tech
20100411	H	8-0	Virginia	Hampton
20100411	H	6-1	Virginia	Wake Forest
20100411	H	4-3	Virginia Tech	N.C. State
20100411	N	4-3	North Florida	Memphis
20100411	H	4-3	Baylor	Nebraska
20100411	A	4-3	Oklahoma	Rice
20100411	A	6-1	Marquette	Tulane
20100411	H	4-3	Xavier	Duquesne
20100411	H	5-2	Eastern Washington	Seattle
20100411	H	7-0	Illinois	Iowa
20100411	A	4-3	Minnesota	Indiana
20100411	H	6-1	Ohio State	Michigan
20100411	H	6-1	Penn State	Bloomsburg
20100411	H	4-3	Penn State	Michigan State
20100411	A	5-2	Purdue	Northwestern
20100411	H	6-1	Cal Poly	UC Riverside
20100411	H	4-3	UC Santa Barbara	Loyola Marymount
20100411	H	6-1	College of Charleston	UNC Greensboro
20100411	A	6-1	Elon	Wofford
20100411	H	6-1	UNC Wilmington	East Carolina
20100411	H	4-3	William & Mary	DePaul
20100411	H	5-2	William & Mary	Liberty
20100411	H	4-3	Charlotte	Davidson
20100411	A	5-2	Southern Miss	New Orleans
20100411	A	5-2	Southern Miss	New Orleans
20100411	H	5-2	Cleveland State	Butler
20100411	H	7-0	Cleveland State	CWRU
20100411	A	5-2	Buffalo	Northern Illinois
20100411	H	5-2	Fresno State	San Diego
20100411	H	4-3	San Diego State	New Mexico
20100411	H	6-1	UNLV	Air Force
20100411	A	7-0	St. Francis (PA)	Wagner
20100411	A	4-3	Sacred Heart	Quinnipiac
20100411	H	4-3	Arizona	UCLA
20100411	A	3-4	Army	Navy
20100411	A	4-3	Texas A&M	Texas Tech
20100411	H	5-2	Florida	Georgia
20100411	H	4-3	Ole Miss	Alabama
20100411	H	5-2	Mississippi State	Auburn
20100411	A	6-1	Tennessee	South Carolina
20100411	A	5-2	Kentucky	Arkansas
20100411	A	4-3	Vanderbilt	LSU
20100411	H	5-2	Gonzaga	Seattle
20100411	A	7-0	Wright State	Youngstown State
20100411	H	6-1	Appalachian State	Samford
20100411	H	6-1	George Washington	Longwood
20100411	A	4-3	Connecticut	Villanova
20100412	H	7-0	North Alabama	Alabama A&M
20100412	A	5-2	Northern Arizona	Portland State
20100412	N	4-2	San Diego	Sacramento State
20100413	H	4-3	SMU	TCU
20100413	H	9-0	Central Florida	Embry-Riddle (FL)
20100413	H	6-1	Boston College	Bryant
20100413	H	4-3	Duke	North Carolina
20100413	H	6-1	Weber State	Idaho State
20100413	A	9-0	Gardner-Webb	Erskine
20100413	H	6-1	Elon	Appalachian State
20100413	H	7-0	Stanford	Santa Clara
20100413	H	4-3	LSU	South Florida
20100413	H	6-0	Kentucky	Centre
20100413	H	6-1	Kentucky	Lipscomb
20100413	H	7-0	Chattanooga	Tennessee Wesleyan
20100413	A	6-1	Furman	Wofford
20100413	H	5-2	Coastal Carolina	Presbyterian
20100413	A	8-1	Alcorn State	Xavier (LA)
20100413	A	5-2	Pacific (CA)	St. Mary's (CA)
20100413	H	5-2	Winthrop	Davidson
20100414	H	5-2	Notre Dame	Ball State
20100414	A	4-3	Oklahoma State	Tulsa
20100414	H	2-5	Georgetown	Navy
20100414	H	5-2	Idaho	Gonzaga
20100414	H	4-3	Michigan State	Western Michigan
20100414	A	4-2	Ohio State	Ole Miss
20100414	H	5-2	Rider	Wagner
20100414	H	7-0	Stanford	San Francisco
20100414	A	6-1	Alabama	Samford
20100414	A	5-2	Alabama	UAB
20100414	H	4-3	Loyola Marymount	UC Irvine
20100415	N	4-1	North Florida	Belmont
20100415	A	4-3	Gardner-Webb	UNC Asheville
20100415	A	4-3	College of Charleston	Furman
20100415	H	5-0	Drexel	George Mason
20100415	A	4-3	Boise State	New Mexico
20100415	H	7-0	Fresno State	Cal Poly
20100415	H	4-3	New Mexico State	Hawaii
20100415	H	7-0	Pepperdine	St. Mary's (CA)
20100415	A	4-3	Santa Clara	Sacramento State
20100416	N	4-0	Richmond	Dayton
20100416	H	4-0	VCU	Delaware
20100416	N	4-3	Temple	Saint Louis
20100416	H	4-3	Miami (FL)	Duke
20100416	A	4-3	North Carolina	Florida State
20100416	A	4-3	Virginia Tech	Clemson
20100416	H	4-2	Stetson	North Florida
20100416	A	5-2	Baylor	Oklahoma
20100416	H	7-0	TCU	Air Force
20100416	A	6-1	Texas Tech	Oklahoma State
20100416	N	4-3	Xavier	St. Bonaventure
20100416	H	5-2	Montana	Eastern Washington
20100416	H	7-0	Montana State	Northern Colorado
20100416	N	4-1	Hampton	Norfolk State
20100416	H	4-0	Longwood	NCCU
20100416	H	4-1	Longwood	NJIT
20100416	A	6-1	Illinois	Penn State
20100416	H	5-2	Minnesota	Northwestern
20100416	H	7-0	Ohio State	Indiana
20100416	A	5-2	Wisconsin	Iowa
20100416	N	4-0	UNC Wilmington	James Madison
20100416	N	4-0	William & Mary	Drexel
20100416	A	5-2	Cornell	Princeton
20100416	A	5-2	Harvard	Brown
20100416	H	5-2	Yale	Dartmouth
20100416	N	4-0	Quinnipiac	St. Francis (PA)
20100416	H	6-1	Western Michigan	Northern Illinois
20100416	N	4-3	Howard	Bethune Cookman
20100416	N	4-0	Fairleigh Dickinson	St. Francis (NY)
20100416	A	4-3	UCLA	USC
20100416	H	4-3	Utah	UNLV
20100416	N	4-1	ETSU	Campbell
20100416	N	4-1	Georgia State	Old Dominion
20100416	H	6-1	Texas Arlington	Nicholls State
20100416	N	4-3	Seattle	NCCU
20100416	H	4-3	BYU	San Diego State
20100416	N	4-1	George Washington	Richmond
20100417	N	4-3	Saint Louis	Richmond
20100417	N	4-1	VCU	UNC Wilmington
20100417	A	0-7	Notre Dame	Navy
20100417	A	5-2	Virginia	Georgia Tech
20100417	A	9-0	Bellarmine	Indianapolis
20100417	H	4-3	DePaul	Marquette
20100417	N	4-1	Xavier	Duquesne
20100417	H	4-3	Montana State	Eastern Washington
20100417	N	5-2	Portland State	Idaho State
20100417	H	7-0	Longwood	Seattle
20100417	H	5-2	Michigan State	Purdue
20100417	H	4-3	Cal Poly	San Francisco
20100417	N	4-1	Hawaii	Boise State
20100417	H	4-3	UC Davis	UC Riverside
20100417	H	6-1	UC Santa Barbara	Sacramento State
20100417	H	5-2	Elon	East Carolina
20100417	N	4-3	William & Mary	Georgia State
20100417	A	5-2	Cleveland State	Detroit Mercy
20100417	H	4-3	Illinois - Chicago	Butler
20100417	A	5-2	Columbia	Penn
20100417	N	4-3	Quinnipiac	Fairleigh Dickinson
20100417	A	4-3	Buffalo	Ball State
20100417	A	5-2	San Diego State	Utah
20100417	A	6-1	Stanford	California
20100417	H	6-1	Washington	Oregon
20100417	A	4-3	Auburn	Alabama
20100417	H	6-1	Florida	South Carolina
20100417	A	5-2	LSU	Arkansas
20100417	H	4-1	Ole Miss	Mississippi State
20100417	H	6-1	Tennessee	Georgia
20100417	H	7-0	Kentucky	Vanderbilt
20100417	N	4-2	ETSU	Stetson
20100417	H	5-2	Furman	UNC Greensboro
20100417	H	7-0	New Orleans	Xavier (LA)
20100417	H	5-2	Georgia Southern	Chattanooga
20100417	H	7-0	BYU	UNLV
20100417	H	7-0	Pacific (CA)	UC Irvine
20100417	H	6-1	Santa Clara	St. Mary's (CA)
20100417	N	4-1	George Washington	Temple
20100417	H	4-3	Valparaiso	Wright State
20100417	A	7-0	Winthrop	Liberty
20100418	N	4-1	VCU	William & Mary
20100418	A	5-2	Duke	Florida State
20100418	H	4-3	Georgia Tech	Virginia Tech
20100418	H	5-2	N.C. State	Boston College
20100418	A	7-0	Virginia	Clemson
20100418	A	3-4	Liberty	Gardner-Webb
20100418	A	6-1	Baylor	Oklahoma State
20100418	A	5-2	Texas Tech	Oklahoma
20100418	A	7-0	Butler	Valparaiso
20100418	N	4-3	Xavier	George Washington
20100418	H	4-3	Montana	Montana State
20100418	H	5-2	Radford	UNC Asheville
20100418	A	5-2	Indiana	Penn State
20100418	H	6-1	Iowa	Northwestern
20100418	H	5-2	Michigan	Purdue
20100418	H	6-1	Ohio State	Illinois
20100418	A	5-2	Wisconsin	Minnesota
20100418	A	7-0	UC Irvine	UC Davis
20100418	H	4-3	UC Santa Barbara	San Francisco
20100418	N	4-0	Charlotte	Richmond
20100418	H	4-3	Cleveland State	Buffalo
20100418	H	7-0	Illinois - Chicago	Wright State
20100418	H	6-1	Columbia	Princeton
20100418	H	5-2	Cornell	Penn
20100418	H	6-1	Dartmouth	Brown
20100418	H	4-3	Harvard	Yale
20100418	N	4-3	Quinnipiac	Sacred Heart
20100418	A	4-3	Boise State	Arizona
20100418	A	4-3	Fresno State	New Mexico State
20100418	H	6-1	Nevada	Sonoma State
20100418	H	6-1	New Mexico	TCU
20100418	N	5-1	Nicholls State	Air Force
20100418	H	4-3	Georgia Southern	Samford
20100418	N	4-3	Texas Arlington	UTRGV
20100418	A	4-3	Texas Arlington	UTSA
20100418	H	7-0	Pacific (CA)	UC Riverside
20100418	H	7-0	Portland	Idaho State
20100418	H	6-1	Appalachian State	Davidson
20100420	H	5-0	Merrimack	St. Anselm
20100420	A	9-0	Green Bay	UW Oshkosh
20100420	H	6-1	Valparaiso	Chicago State
20100421	H	7-0	Texas	Texas A&M
20100421	H	6-1	Harvard	Dartmouth
20100421	H	7-0	Marist	Army
20100422	N	4-1	Memphis	Tulane
20100422	N	4-0	Florida State	Clemson
20100422	N	4-1	Miami (FL)	N.C. State
20100422	N	4-0	Virginia Tech	Boston College
20100422	N	4-0	Florida Atlantic	New Orleans
20100422	H	4-3	Middle Tennessee	Louisiana
20100422	H	5-2	Merrimack	Stonehill
20100422	N	4-1	Auburn	Arkansas
20100422	N	4-2	LSU	Alabama
20100422	N	4-1	Ole Miss	South Carolina
20100422	N	4-0	Mississippi State	Vanderbilt
20100422	N	4-2	Coastal Carolina	UNC Asheville
20100422	N	4-0	Winthrop	Presbyterian
20100423	N	4-0	SMU	UAB
20100423	N	4-0	Tulsa	Memphis
20100423	N	4-2	Central Florida	East Carolina
20100423	N	4-2	South Florida	St. John's (NY)
20100423	N	4-0	Duke	Florida State
20100423	N	4-3	Georgia Tech	Virginia Tech
20100423	N	4-0	Notre Dame	Georgetown
20100423	H	4-0	Virginia	Miami (FL)
20100423	N	4-3	Wake Forest	North Carolina
20100423	H	6-1	Oklahoma	Nebraska
20100423	N	4-3	DePaul	Marquette
20100423	H	4-0	Radford	Gardner-Webb
20100423	H	5-2	Illinois	Michigan
20100423	A	4-3	Iowa	Purdue
20100423	A	6-1	Ohio State	Northwestern
20100423	H	6-1	Wisconsin	Penn State
20100423	H	4-0	Rice	Southern Miss
20100423	H	7-0	Ball State	Chicago State
20100423	N	4-0	Navy	Holy Cross (MA)
20100423	H	7-0	Texas A&M	TCU
20100423	N	4-3	Auburn	Georgia
20100423	N	4-1	Florida	Mississippi State
20100423	A	4-0	Ole Miss	Kentucky
20100423	N	4-0	Tennessee	LSU
20100423	A	5-0	Incarnate Word	Dallas Baptist
20100423	N	4-0	Pepperdine	Gonzaga
20100423	N	4-0	Santa Clara	St. Mary's (CA)
20100423	N	4-0	San Diego	Portland
20100423	N	4-1	Wright State	Detroit Mercy
20100423	N	4-3	Winthrop	Coastal Carolina
20100424	N	4-1	Tulsa	SMU
20100424	H	4-2	Wichita State	Drake
20100424	N	4-0	Duke	Wake Forest
20100424	N	4-1	Notre Dame	South Florida
20100424	N	4-1	Virginia	Georgia Tech
20100424	H	6-1	Baylor	Texas Tech
20100424	N	4-1	Northern Arizona	Weber State
20100424	N	4-0	Sacramento State	Montana
20100424	H	7-0	Indiana	Michigan State
20100424	A	5-2	Minnesota	Purdue
20100424	H	6-1	Delaware	Johns Hopkins
20100424	N	4-3	Elon	College of Charleston
20100424	H	4-1	Rice	Central Florida
20100424	N	4-1	UTSA	Nicholls State
20100424	H	4-0	Cleveland State	Butler
20100424	N	4-3	Illinois - Chicago	Wright State
20100424	A	6-1	Yale	Brown
20100424	N	4-0	Marist	Loyola (MD)
20100424	A	5-1	Ball State	Northern Illinois
20100424	H	4-3	Nevada	Pacific (CA)
20100424	H	4-3	San Diego State	UNLV
20100424	A	6-1	New Mexico	Air Force
20100424	A	4-0	Navy	Bucknell
20100424	N	4-1	Florida	Auburn
20100424	N	4-0	Tennessee	Ole Miss
20100424	N	4-1	UNC Greensboro	Furman
20100424	N	5-0	Abilene Christian	Cameron
20100424	N	4-1	Denver	Middle Tennessee
20100424	H	4-2	Oral Roberts	UMKC
20100424	N	4-2	Troy	Florida Atlantic
20100424	N	4-3	Texas Arlington	UTRGV
20100424	A	6-1	BYU	Utah
20100424	N	4-0	Pepperdine	San Francisco
20100424	N	4-1	Santa Clara	San Diego
20100424	A	4-3	Winthrop	Radford
20100425	H	4-1	Wichita State	Illinois State
20100425	N	4-2	Virginia	Duke
20100425	A	5-2	Texas	Nebraska
20100425	N	4-0	Sacramento State	Northern Arizona
20100425	H	7-0	Illinois	Michigan State
20100425	A	5-2	Michigan	Indiana
20100425	A	5-2	Minnesota	Iowa
20100425	A	4-3	Ohio State	Wisconsin
20100425	A	4-3	Penn State	Northwestern
20100425	H	6-1	Hawaii	Idaho
20100425	A	4-3	Rice	Tulsa
20100425	N	4-0	UTSA	Texas Arlington
20100425	N	4-0	Cleveland State	Illinois - Chicago
20100425	N	4-0	Marist	Fairfield
20100425	A	5-2	Western Michigan	Toledo
20100425	H	6-1	Nevada	UC Davis
20100425	N	4-2	Navy	Army
20100425	N	4-0	Tennessee	Florida
20100425	N	4-3	UNC Greensboro	Elon
20100425	N	4-1	Troy	Denver
20100425	N	4-1	Pepperdine	Santa Clara
20100425	N	4-2	San Diego	San Francisco
20100428	N	4-2	Idaho	Nevada
20100428	N	4-0	San Diego State	Air Force
20100429	N	4-2	TCU	Utah
20100429	H	4-0	Indiana	Michigan State
20100429	N	4-3	Iowa	Purdue
20100429	N	4-3	Northwestern	Penn State
20100429	N	4-0	Western Michigan	Chicago State
20100429	H	4-3	UNLV	New Mexico
20100430	N	4-0	Baylor	Nebraska
20100430	N	4-2	TCU	BYU
20100430	N	4-2	Texas Tech	Oklahoma
20100430	N	4-0	Illinois	Iowa
20100430	N	4-0	Michigan	Indiana
20100430	N	4-0	Ohio State	Northwestern
20100430	N	4-0	Wisconsin	Minnesota
20100430	H	4-0	UC Irvine	UC Riverside
20100430	N	4-0	UC Santa Barbara	UC Davis
20100430	N	4-1	Buffalo	Toledo
20100430	A	4-2	Western Michigan	Ball State
20100430	N	4-1	Boise State	New Mexico State
20100430	A	4-0	San Diego State	UNLV
20100430	H	4-0	Texas A&M	Oklahoma State
20100501	N	4-3	TCU	San Diego State
20100501	H	4-0	Texas	Texas Tech
20100501	N	4-0	Illinois	Michigan
20100501	N	4-0	Ohio State	Wisconsin
20100501	N	4-3	Cal Poly	UC Santa Barbara
20100501	N	4-1	Hawaii	Idaho
20100501	H	4-1	UC Irvine	Pacific (CA)
20100501	N	4-0	Western Michigan	Buffalo
20100501	N	4-2	Fresno State	Boise State
20100501	N	4-1	Texas A&M	Baylor
20100502	H	4-3	Texas	Texas A&M
20100502	N	4-1	Ohio State	Illinois
20100502	A	4-3	Hawaii	Fresno State
20100502	N	4-0	UC Irvine	Cal Poly
20100503	H	4-0	NCCU	Coppin State
20100506	N	5-2	Incarnate Word	Washburn-Topeka
20100507	H	5-4	Abilene Christian	Incarnate Word
20100512	N	5-4	Abilene Christian	Hawaii Pacific
20100514	H	4-0	Duke	VCU
20100514	N	4-1	North Carolina	Nebraska
20100514	H	4-0	Oklahoma	Tulsa
20100514	H	4-0	Texas	UTSA
20100514	N	4-0	Texas Tech	Wichita State
20100514	N	4-0	Illinois	Xavier
20100514	N	4-1	Minnesota	Arizona
20100514	N	4-2	Wisconsin	Notre Dame
20100514	N	4-2	Fresno State	BYU
20100514	H	4-0	UCLA	Sacramento State
20100514	H	4-0	USC	Marist
20100514	H	4-0	Texas A&M	Prairie View A&M
20100514	A	4-1	Ole Miss	TCU
20100514	N	4-0	Pepperdine	Hawaii
20100515	H	4-1	Duke	North Carolina
20100515	N	4-0	Florida State	Boise State
20100515	N	4-1	Georgia Tech	Binghamton
20100515	H	4-0	Virginia	Navy
20100515	H	4-0	Virginia	Wake Forest
20100515	N	4-0	Virginia Tech	Vanderbilt
20100515	N	4-0	Wake Forest	Columbia
20100515	H	4-0	Baylor	Oral Roberts
20100515	H	4-2	Oklahoma	Texas Tech
20100515	H	4-0	Texas	Minnesota
20100515	N	4-1	Michigan	Denver
20100515	H	4-0	Ohio State	Western Michigan
20100515	A	4-1	Wisconsin	Illinois
20100515	N	4-3	Rice	Washington
20100515	N	4-0	California	UC Irvine
20100515	H	4-0	Stanford	Quinnipiac
20100515	H	4-1	USC	Fresno State
20100515	H	4-2	Texas A&M	Ole Miss
20100515	N	4-0	Auburn	Troy
20100515	H	4-0	Florida	S.C. State
20100515	H	4-0	Tennessee	Winthrop
20100515	H	4-0	Georgia	UNC Greensboro
20100515	H	4-0	Kentucky	Cleveland State
20100515	N	4-2	ETSU	Alabama
20100516	H	4-1	Louisville	Virginia Tech
20100516	H	4-0	Baylor	Rice
20100516	H	4-1	Ohio State	Michigan
20100516	H	4-0	Stanford	Pepperdine
20100516	H	4-0	UCLA	California
20100516	H	4-0	Florida	Auburn
20100516	H	4-1	Tennessee	ETSU
20100516	H	4-3	Georgia	Florida State
20100516	H	4-1	Kentucky	Georgia Tech
20100521	N	4-0	Virginia	Duke
20100521	N	4-1	Baylor	Texas A&M
20100521	N	4-2	Oklahoma	Texas
20100521	N	4-0	Ohio State	Wisconsin
20100521	N	4-2	UCLA	Stanford
20100521	N	4-0	Tennessee	Louisville
20100521	H	4-2	Georgia	Florida
20100522	N	4-0	USC	Kentucky
20100523	N	4-2	Virginia	UCLA
20100523	N	4-0	USC	Ohio State
20100523	N	4-0	Tennessee	Baylor
20100523	H	4-0	Georgia	Oklahoma
20100524	N	4-2	USC	Virginia
20100524	A	4-1	Tennessee	Georgia
20100525	N	4-2	USC	Tennessee
20100608	H	6-1	USC Upstate	Campbell
